dataset,split,model,accuracy,roc_auc,pr_auc,log_loss,precision,recall,f1,seconds,n_train,n_test
credit-g,0,xgboost (default),0.74,0.7503238095238096,0.8681157709256401,0.6824981701173539,0.7777777777777778,0.88,0.8257372654155496,0.11751050199995916,750,250
credit-g,0,lightgbm (default),0.776,0.7594666666666667,0.8644874469396797,0.5931079463988094,0.8020304568527918,0.9028571428571428,0.8494623655913979,0.12055386899999121,750,250
credit-g,0,kumo-small,0.756,0.8040380952380952,0.9054397026811702,0.47683559861853914,0.796875,0.8742857142857143,0.8337874659400545,22.72930465999997,750,250
credit-g,0,kumo-large,0.748,0.8041904761904762,0.9081273268026763,0.4760846670778269,0.7947368421052632,0.8628571428571429,0.8273972602739726,1.7596268379999742,750,250
credit-g,0,tabiclv2,0.776,0.8014095238095238,0.9018142451344637,0.47984291914392313,0.8051282051282052,0.8971428571428571,0.8486486486486486,0.41811007100000097,750,250
credit-g,1,xgboost (default),0.76,0.769295238095238,0.8609497920381155,0.7189847455698556,0.7889447236180904,0.8971428571428571,0.839572192513369,0.08960051000002522,750,250
credit-g,1,lightgbm (default),0.732,0.749409523809524,0.8568859161265947,0.6358295865442033,0.7647058823529411,0.8914285714285715,0.8232189973614775,0.06053251599996656,750,250
credit-g,1,kumo-small,0.768,0.7962666666666667,0.8973486341057364,0.48360462320929376,0.7910447761194029,0.9085714285714286,0.8457446808510638,0.5443057390000376,750,250
credit-g,1,kumo-large,0.768,0.7992380952380953,0.8978388864394184,0.4826265479578399,0.7969543147208121,0.8971428571428571,0.8440860215053764,1.10661849600001,750,250
credit-g,1,tabiclv2,0.748,0.7915809523809524,0.8952150546426964,0.4924287815047294,0.7772277227722773,0.8971428571428571,0.8328912466843501,0.3738626659999795,750,250
credit-g,2,xgboost (default),0.792,0.7907809523809525,0.8873735000478554,0.6333104115203941,0.8153846153846154,0.9085714285714286,0.8594594594594595,0.09424591999999166,750,250
credit-g,2,lightgbm (default),0.776,0.8070857142857142,0.9055236026911194,0.5098597563120777,0.8216216216216217,0.8685714285714285,0.8444444444444444,0.06071205699998927,750,250
credit-g,2,kumo-small,0.792,0.8264380952380952,0.9140724768910666,0.45511630984731677,0.8153846153846154,0.9085714285714286,0.8594594594594595,0.5294387970000116,750,250
credit-g,2,kumo-large,0.792,0.8346285714285715,0.9183735740785776,0.44762719528240347,0.8121827411167513,0.9142857142857143,0.8602150537634409,1.126694470000018,750,250
credit-g,2,tabiclv2,0.768,0.8166857142857143,0.9068589339814064,0.4661273092084189,0.7939698492462312,0.9028571428571428,0.8449197860962567,0.3940884119999737,750,250
credit-g,3,xgboost (default),0.724,0.7468952380952381,0.874657419024629,0.8075949307373697,0.7849462365591398,0.8342857142857143,0.8088642659279779,0.08914610400000811,750,250
credit-g,3,lightgbm (default),0.72,0.7588571428571428,0.882178377698906,0.6092777919275107,0.774869109947644,0.8457142857142858,0.8087431693989071,0.06083568000002515,750,250
credit-g,3,kumo-small,0.728,0.7776,0.8948809102349584,0.5060776235568427,0.7715736040609137,0.8685714285714285,0.8172043010752689,0.5528242119999618,750,250
credit-g,3,kumo-large,0.756,0.7840761904761905,0.8980815684210668,0.5004382382872692,0.7908163265306123,0.8857142857142857,0.8355795148247979,1.1836642669999833,750,250
credit-g,3,tabiclv2,0.736,0.7784380952380952,0.892429512306056,0.50787063111813,0.7823834196891192,0.8628571428571429,0.8206521739130435,0.5260834079999768,750,250
credit-g,4,xgboost (default),0.78,0.7782095238095238,0.8739224385075681,0.637139531845835,0.8092783505154639,0.8971428571428571,0.8509485094850948,0.1305383839999763,750,250
credit-g,4,lightgbm (default),0.756,0.776,0.8695915930159339,0.5669089190255558,0.7821782178217822,0.9028571428571428,0.8381962864721485,0.21190852200004429,750,250
credit-g,4,kumo-small,0.772,0.8227809523809524,0.9173434635267341,0.45968850775227904,0.7892156862745098,0.92,0.8496042216358839,0.7837395320000269,750,250
credit-g,4,kumo-large,0.776,0.823695238095238,0.9169083104471327,0.4580259792910359,0.7960199004975125,0.9142857142857143,0.851063829787234,1.1576070119999713,750,250
credit-g,4,tabiclv2,0.772,0.8213333333333334,0.9157854902356188,0.4640757065361064,0.7864077669902912,0.9257142857142857,0.8503937007874016,0.3796692410000446,750,250
diabetes,0,xgboost (default),0.7239583333333334,0.7922388059701492,0.6674860929270381,0.7757674704917147,0.609375,0.582089552238806,0.5954198473282443,0.058740467999996326,576,192
diabetes,0,lightgbm (default),0.7552083333333334,0.8090746268656716,0.6634692854655975,0.6647127347221736,0.6666666666666666,0.5970149253731343,0.6299212598425197,0.037368689999993876,576,192
diabetes,0,kumo-small,0.7447916666666666,0.8278208955223881,0.7107558740071032,0.4789100365424604,0.6551724137931034,0.5671641791044776,0.608,0.4122612020000247,576,192
diabetes,0,kumo-large,0.75,0.8321194029850746,0.7117134317049874,0.47446062643880155,0.6610169491525424,0.582089552238806,0.6190476190476191,0.9215900319999832,576,192
diabetes,0,tabiclv2,0.7395833333333334,0.8216119402985075,0.6920228690469681,0.49488680991613815,0.6491228070175439,0.5522388059701493,0.5967741935483871,0.3293058330000349,576,192
diabetes,1,xgboost (default),0.7291666666666666,0.7646567164179104,0.582784038642496,0.8443651128436306,0.6190476190476191,0.582089552238806,0.6,0.0576912540000194,576,192
diabetes,1,lightgbm (default),0.7083333333333334,0.7536716417910448,0.583494206724983,0.7699061627719113,0.6037735849056604,0.47761194029850745,0.5333333333333333,0.04197209000000157,576,192
diabetes,1,kumo-small,0.7552083333333334,0.8035820895522389,0.6998631579108159,0.5135690653868853,0.7,0.5223880597014925,0.5982905982905983,0.43159036899999137,576,192
diabetes,1,kumo-large,0.7552083333333334,0.8033432835820896,0.6990959040842399,0.5123370264581114,0.6923076923076923,0.5373134328358209,0.6050420168067226,0.9054914349999876,576,192
diabetes,1,tabiclv2,0.75,0.802865671641791,0.6950089384102085,0.5179168290696227,0.6938775510204082,0.5074626865671642,0.5862068965517241,0.3077475910000089,576,192
diabetes,2,xgboost (default),0.75,0.8431044776119403,0.7236559150789318,0.6186897955684331,0.6376811594202898,0.6567164179104478,0.6470588235294118,0.06089598699998078,576,192
diabetes,2,lightgbm (default),0.7916666666666666,0.8503880597014926,0.7110280040298911,0.5505216314546039,0.684931506849315,0.746268656716418,0.7142857142857143,0.038025373999971634,576,192
diabetes,2,kumo-small,0.7864583333333334,0.882865671641791,0.7413195249415464,0.4195444077842247,0.696969696969697,0.6865671641791045,0.6917293233082706,0.41493221899997934,576,192
diabetes,2,kumo-large,0.8020833333333334,0.8858507462686567,0.7395675767629362,0.41435384374613976,0.7164179104477612,0.7164179104477612,0.7164179104477612,0.8966144039999904,576,192
diabetes,2,tabiclv2,0.78125,0.8837014925373133,0.7420307340746839,0.41525830892721904,0.6923076923076923,0.6716417910447762,0.6818181818181818,0.3338595140000393,576,192
diabetes,3,xgboost (default),0.734375,0.8011940298507463,0.6457458706893001,0.7646691558222733,0.6212121212121212,0.6119402985074627,0.6165413533834586,0.0607632219999914,576,192
diabetes,3,lightgbm (default),0.7604166666666666,0.8106268656716418,0.6802244910995789,0.6715186252641608,0.6567164179104478,0.6567164179104478,0.6567164179104478,0.0375862679999841,576,192
diabetes,3,kumo-small,0.7552083333333334,0.8477611940298507,0.7258370055796126,0.4555923403292763,0.6612903225806451,0.6119402985074627,0.6356589147286822,0.4278742349999902,576,192
diabetes,3,kumo-large,0.7552083333333334,0.8565970149253732,0.7459749370358152,0.44401710501867725,0.6666666666666666,0.5970149253731343,0.6299212598425197,0.9626234419999946,576,192
diabetes,3,tabiclv2,0.7552083333333334,0.8490149253731343,0.7235970268872716,0.4642807653552194,0.6785714285714286,0.5671641791044776,0.6178861788617886,0.3364221830000247,576,192
diabetes,4,xgboost (default),0.7291666666666666,0.7708656716417911,0.6059866474601949,0.7316086798703139,0.6363636363636364,0.5223880597014925,0.5737704918032787,0.08888283300001376,576,192
diabetes,4,lightgbm (default),0.703125,0.7906865671641792,0.6493646474175483,0.6430479710880689,0.6,0.44776119402985076,0.5128205128205128,0.5422050170000148,576,192
diabetes,4,kumo-small,0.7395833333333334,0.8308059701492537,0.71445323889189,0.47257338747283856,0.6545454545454545,0.5373134328358209,0.5901639344262295,0.575128583000037,576,192
diabetes,4,kumo-large,0.7447916666666666,0.8391641791044775,0.7190524654926453,0.4610631144041606,0.6666666666666666,0.5373134328358209,0.5950413223140496,1.2881099699999936,576,192
diabetes,4,tabiclv2,0.7395833333333334,0.8348656716417909,0.7090215862351597,0.4696873301639905,0.6545454545454545,0.5373134328358209,0.5901639344262295,0.3442681450000009,576,192
kc1,0,xgboost (default),0.8674242424242424,0.8188094717270042,0.519530532457721,0.38155645779432523,0.6071428571428571,0.4146341463414634,0.4927536231884058,0.11906646799997134,1581,528
kc1,0,lightgbm (default),0.8617424242424242,0.807708082686208,0.5275209058691416,0.3815345513475186,0.5849056603773585,0.3780487804878049,0.45925925925925926,0.10928843699997515,1581,528
kc1,0,kumo-small,0.8674242424242424,0.8625998031280763,0.6036220568417863,0.3029947974165608,0.6764705882352942,0.2804878048780488,0.39655172413793105,0.4742377140000258,1581,528
kc1,0,kumo-large,0.8863636363636364,0.8733183856502242,0.6505056641685851,0.28869076225180473,0.7391304347826086,0.4146341463414634,0.53125,2.196690225999987,1581,528
kc1,0,tabiclv2,0.8712121212121212,0.8664688832986984,0.6129612690794298,0.29942681912071356,0.675,0.32926829268292684,0.4426229508196721,0.5104742950000514,1581,528
kc1,1,xgboost (default),0.8522727272727273,0.8148857049108609,0.4777172603815024,0.3998707570061478,0.5384615384615384,0.34146341463414637,0.417910447761194,0.12090454799999861,1581,528
kc1,1,lightgbm (default),0.8579545454545454,0.8030460461555289,0.4759625519505015,0.3976403658495308,0.5777777777777777,0.3170731707317073,0.4094488188976378,0.10887620900001593,1581,528
kc1,1,kumo-small,0.8768939393939394,0.8724160559991251,0.6293725314086396,0.294011597325147,0.7575757575757576,0.3048780487804878,0.43478260869565216,0.47361625199999935,1581,528
kc1,1,kumo-large,0.875,0.875423821502789,0.6457143519622726,0.2877503786287965,0.7352941176470589,0.3048780487804878,0.43103448275862066,2.216888537999978,1581,528
kc1,1,tabiclv2,0.865530303030303,0.8755742097779723,0.6115817028549716,0.29297023158236957,0.6571428571428571,0.2804878048780488,0.39316239316239315,0.5188664720000133,1581,528
kc1,2,xgboost (default),0.8371212121212122,0.8128076123810566,0.4551182734281739,0.3964034519728599,0.47058823529411764,0.3902439024390244,0.4266666666666667,0.12400306900002533,1581,528
kc1,2,lightgbm (default),0.8446969696969697,0.7770152028874548,0.4501308590513473,0.4162028127290336,0.5,0.4024390243902439,0.44594594594594594,0.11255543699996906,1581,528
kc1,2,kumo-small,0.875,0.8736738488461118,0.6104615254045042,0.29431707433167126,0.6739130434782609,0.3780487804878049,0.484375,0.49882992299995976,1581,528
kc1,2,kumo-large,0.8712121212121212,0.8780761238105654,0.6007104789699658,0.29081467834875185,0.64,0.3902439024390244,0.48484848484848486,2.2228569119999975,1581,528
kc1,2,tabiclv2,0.8693181818181818,0.8727305042108717,0.5815150971624857,0.2963661929156534,0.6382978723404256,0.36585365853658536,0.46511627906976744,0.5514688840000304,1581,528
kc1,3,xgboost (default),0.8352272727272727,0.7961965438040032,0.4469728599734427,0.4226079211706305,0.4603174603174603,0.35365853658536583,0.4,0.19715537099995117,1581,528
kc1,3,lightgbm (default),0.8390151515151515,0.7882669802034343,0.4748540541415967,0.41310454335445723,0.4745762711864407,0.34146341463414637,0.3971631205673759,0.10569070200000397,1581,528
kc1,3,kumo-small,0.8579545454545454,0.8481351853877284,0.5615211902885413,0.3180730327064622,0.5897435897435898,0.2804878048780488,0.38016528925619836,0.48331162800002403,1581,528
kc1,3,kumo-large,0.8693181818181818,0.8531800284370556,0.5874889038350268,0.30867281811080016,0.6585365853658537,0.32926829268292684,0.43902439024390244,2.2198615720000134,1581,528
kc1,3,tabiclv2,0.865530303030303,0.8440200153122608,0.5531319177749154,0.3181230513262165,0.6410256410256411,0.3048780487804878,0.4132231404958678,0.5205921529999955,1581,528
kc1,4,xgboost (default),0.8617424242424242,0.8011730285464291,0.44611652211975944,0.40583251418382665,0.5849056603773585,0.3780487804878049,0.45925925925925926,0.11833133199996837,1581,528
kc1,4,lightgbm (default),0.8579545454545454,0.7895521163731817,0.4567866877845757,0.4019714298970023,0.5660377358490566,0.36585365853658536,0.4444444444444444,0.10523231799999166,1581,528
kc1,4,kumo-small,0.8825757575757576,0.8737285354916329,0.6094598875566021,0.29397433117228244,0.717391304347826,0.4024390243902439,0.515625,0.47582229400001097,1581,528
kc1,4,kumo-large,0.8825757575757576,0.8803456195996937,0.6231863456493731,0.28727418867057014,0.75,0.36585365853658536,0.4918032786885246,2.239585774000034,1581,528
kc1,4,tabiclv2,0.8731060606060606,0.8773925407415509,0.6176452460777372,0.2917560143132406,0.6923076923076923,0.32926829268292684,0.4462809917355372,0.5149975610000297,1581,528
phoneme,0,xgboost (default),0.8867505551443375,0.9452192077846527,0.8764754626011338,0.28317979393540266,0.8172323759791122,0.7904040404040404,0.803594351732991,0.12121560399998543,4053,1351
phoneme,0,lightgbm (default),0.8926720947446336,0.9437093447564653,0.8768606366848094,0.27481763685125754,0.825974025974026,0.803030303030303,0.8143405889884763,0.12254310600002327,4053,1351
phoneme,0,kumo-small,0.9141376757957069,0.96950658416627,0.9350074287202518,0.20213267944228422,0.8608247422680413,0.8434343434343434,0.8520408163265306,0.8272051829999896,4053,1351
phoneme,0,kumo-large,0.9185788304959289,0.972891215823153,0.941910390705245,0.19140686768678325,0.8803191489361702,0.8358585858585859,0.8575129533678757,6.891157273000033,4053,1351
phoneme,0,tabiclv2,0.9089563286454478,0.9666137817970278,0.9274437888433877,0.21607436123460483,0.8455696202531645,0.8434343434343434,0.8445006321112516,0.9238540570000282,4053,1351
phoneme,1,xgboost (default),0.9037749814951888,0.9627293881220582,0.9139150179399984,0.22480106013379944,0.841025641025641,0.8282828282828283,0.8346055979643766,0.1097860790000027,4053,1351
phoneme,1,lightgbm (default),0.9037749814951888,0.9602861071447459,0.9088324416754789,0.23327670035318113,0.841025641025641,0.8282828282828283,0.8346055979643766,0.09552501000001712,4053,1351
phoneme,1,kumo-small,0.9378238341968912,0.9830556877677297,0.9614842192117933,0.15410864349040343,0.9,0.8863636363636364,0.8931297709923665,0.8531790170000022,4053,1351
phoneme,1,kumo-large,0.9393042190969653,0.9864482521550585,0.9694471297699496,0.14124159367698894,0.8984771573604061,0.8939393939393939,0.8962025316455696,7.085892973999989,4053,1351
phoneme,1,tabiclv2,0.9333826794966691,0.9792889629277064,0.9527143051050561,0.16716129035260355,0.8768472906403941,0.898989898989899,0.8877805486284289,0.997492133000037,4053,1351
phoneme,2,xgboost (default),0.8771280532938565,0.9392511502459147,0.8774410500644596,0.3019018944181337,0.7994791666666666,0.7752525252525253,0.7871794871794872,0.11105096099993261,4053,1351
phoneme,2,lightgbm (default),0.8793486306439674,0.9424030884763871,0.8774837081876362,0.2780284674258752,0.8010335917312662,0.7828282828282829,0.7918263090676884,0.1138240150000911,4053,1351
phoneme,2,kumo-small,0.923760177646188,0.970738801628854,0.9430711595377285,0.19503473442307967,0.8906666666666667,0.8434343434343434,0.8664072632944229,0.843866387999924,4053,1351
phoneme,2,kumo-large,0.9282013323464101,0.974514781321064,0.9507469799231422,0.18233599546919274,0.8944591029023746,0.8560606060606061,0.8748387096774194,7.265173515000015,4053,1351
phoneme,2,tabiclv2,0.917098445595855,0.9700248558887303,0.9433093189603385,0.20085201944156078,0.8837837837837837,0.8257575757575758,0.8537859007832899,0.9529493919999368,4053,1351
phoneme,3,xgboost (default),0.9089563286454478,0.9581927348193211,0.89980217733681,0.2413599977164944,0.8442211055276382,0.8463476070528967,0.8452830188679246,0.16850811500000873,4053,1351
phoneme,3,lightgbm (default),0.9008142116950407,0.9581161647365726,0.8990097458619359,0.23862266260872417,0.8363171355498721,0.8236775818639799,0.8299492385786802,0.5990481069999305,4053,1351
phoneme,3,kumo-small,0.9393042190969653,0.9806119269785445,0.9588185595914235,0.15943511550439943,0.9048843187660668,0.8866498740554156,0.8956743002544529,0.9388122750000321,4053,1351
phoneme,3,kumo-large,0.9319022945965951,0.9819070175160665,0.9620838032077584,0.155156963539774,0.8940568475452196,0.871536523929471,0.8826530612244898,7.394786489000012,4053,1351
phoneme,3,tabiclv2,0.926720947446336,0.9768230280563345,0.9502653235044519,0.17630201263319237,0.884020618556701,0.8639798488664987,0.8738853503184714,0.9721431530000473,4053,1351
phoneme,4,xgboost (default),0.8971132494448557,0.9559827638103385,0.9021520100418937,0.25005693214947217,0.8486486486486486,0.7909319899244333,0.81877444589309,0.11628345999997691,4053,1351
phoneme,4,lightgbm (default),0.8860103626943006,0.9507575157496739,0.8932024694241923,0.25784236122440946,0.824,0.7783375314861462,0.8005181347150259,0.16246248499999183,4053,1351
phoneme,4,kumo-small,0.917098445595855,0.9764533793809969,0.9486728443725023,0.17956058103934497,0.88,0.8312342569269522,0.8549222797927462,0.8801714890000767,4053,1351
phoneme,4,kumo-large,0.924500370096225,0.9780745528571202,0.9529166380432027,0.1737136417339102,0.9019073569482289,0.8337531486146096,0.8664921465968587,7.702954696999996,4053,1351
phoneme,4,tabiclv2,0.9193190229459659,0.9756322312522113,0.9453817817938743,0.18328847603859794,0.8913043478260869,0.8261964735516373,0.857516339869281,0.9735293100000035,4053,1351
adult,0,xgboost (default),0.8588,0.9098253818371087,0.7920947612161312,0.32308441966460716,0.7383268482490273,0.6346153846153846,0.6825539568345323,0.30940764499996476,10000,5000
adult,0,lightgbm (default),0.866,0.9155073299009315,0.8053818730798513,0.3004292921858344,0.7624750499001997,0.6387959866220736,0.6951774340309372,0.19523121899999296,10000,5000
adult,0,kumo-small,0.8702,0.9233506843702632,0.8235008288413326,0.2841418236680809,0.791889007470651,0.6204013377926422,0.6957337083919363,11.602947349000033,10000,5000
adult,0,kumo-large,0.8706,0.9239909626902152,0.8247315780564339,0.28295126603009924,0.7910922587486744,0.6237458193979933,0.6975222066386162,80.52100038599997,10000,5000
adult,0,tabiclv2,0.8628,0.9168547058368415,0.809332103817775,0.2977069872955093,0.775377969762419,0.6003344481605352,0.6767200754005656,11.051753248999944,10000,5000
adult,1,xgboost (default),0.8662,0.9196741943878824,0.8111923658859334,0.3010866938811599,0.7596059113300493,0.6446488294314381,0.6974219810040706,1.1326511400000072,10000,5000
adult,1,lightgbm (default),0.8692,0.9268803477416836,0.8277123517332343,0.27965196792355346,0.7776639344262295,0.6346153846153846,0.6988950276243094,0.4968901750000896,10000,5000
adult,1,kumo-small,0.881,0.9355321277725613,0.84933694791869,0.26544452400848834,0.8276990185387132,0.6346153846153846,0.718409843823947,10.555261742000084,10000,5000
adult,1,kumo-large,0.8836,0.937065894376277,0.8532720630006798,0.26136119343312264,0.8279914529914529,0.6479933110367893,0.7270168855534709,81.27811731700001,10000,5000
adult,1,tabiclv2,0.8774,0.9292284745154721,0.8349466625016599,0.2776623417335739,0.8165038002171553,0.6287625418060201,0.7104393008974964,11.023666488000003,10000,5000
adult,2,xgboost (default),0.8654,0.9182676921670203,0.8069099100403587,0.30678186059635015,0.7473982970671712,0.6605351170568562,0.7012871726586773,0.27710508199993455,10000,5000
adult,2,lightgbm (default),0.869,0.9238482023850971,0.8194411612596207,0.2860115823945679,0.7665024630541872,0.6505016722408027,0.7037539574853008,0.18649544499999138,10000,5000
adult,2,kumo-small,0.872,0.9294373947156487,0.8312255056567429,0.274499658667129,0.782520325203252,0.6438127090301003,0.7064220183486238,10.56916162899995,10000,5000
adult,2,kumo-large,0.8724,0.9308958797111999,0.8354976558758553,0.27088884766628685,0.7784431137724551,0.6521739130434783,0.7097361237488626,80.72435045700001,10000,5000
adult,2,tabiclv2,0.865,0.924649704236695,0.820210977685938,0.2843869927674269,0.768280123583934,0.6237458193979933,0.6885094600830641,11.008831332,10000,5000
adult,3,xgboost (default),0.8596,0.9147198952695457,0.7986665278482523,0.3153344007268179,0.7510162601626016,0.6178929765886287,0.6779816513761467,0.29398747499999445,10000,5000
adult,3,lightgbm (default),0.8664,0.9236164229520765,0.8144839626419591,0.2884311365498218,0.7727272727272727,0.6254180602006689,0.6913123844731978,0.18291122300001916,10000,5000
adult,3,kumo-small,0.8726,0.9310411677199498,0.8321941459706431,0.27299010122541084,0.8028169014084507,0.6195652173913043,0.6993865030674846,10.51524068599997,10000,5000
adult,3,kumo-large,0.874,0.9327408835621014,0.8361455872013179,0.2687943326181399,0.7985232067510548,0.632943143812709,0.7061567164179104,80.86806734200002,10000,5000
adult,3,tabiclv2,0.8666,0.9235702648857566,0.8124220212576599,0.2885478781522605,0.7890710382513662,0.6036789297658863,0.6840360018948366,11.005947881999987,10000,5000
adult,4,xgboost (default),0.857,0.9093979801230179,0.7898878427554112,0.32239260677749493,0.7421953675730111,0.6162207357859532,0.6733668341708543,0.4381099790000462,10000,5000
adult,4,lightgbm (default),0.862,0.9187636715796436,0.8073087515459634,0.29434539257133396,0.7565922920892495,0.6237458193979933,0.6837763519706691,0.7870102639999459,10000,5000
adult,4,kumo-small,0.867,0.926129180162406,0.8211843671698833,0.27990909659304025,0.7768508863399375,0.6229096989966555,0.691415313225058,10.626939332000006,10000,5000
adult,4,kumo-large,0.8678,0.9273828112636231,0.8244733211330816,0.2773576717004146,0.7772020725388601,0.6270903010033445,0.6941230911614993,80.25268460099994,10000,5000
adult,4,tabiclv2,0.8608,0.9201112673158689,0.8055352917327098,0.2931174250221847,0.7615062761506276,0.6086956521739131,0.6765799256505576,11.043440099999998,10000,5000
