dataset,seed,n_train,model,accuracy,roc_auc,pr_auc,log_loss,precision,recall,f1,seconds
adult,0,100,xgboost (default),0.7934,0.8082911536527295,0.5656941959305526,0.5870860972880988,0.5779904306220096,0.5050167224080268,0.5390450691655511,0.04729162199987513
adult,0,100,lightgbm (default),0.7528,0.7598180405065605,0.5002542346711529,0.49067145345876406,0.4808795411089866,0.4205685618729097,0.4487065120428189,0.02997755799992774
adult,0,100,kumo-large,0.8186,0.868540947919634,0.6799445686345653,0.3762890739097211,0.6295964125560538,0.5869565217391305,0.6075292081350064,4.165753329000154
adult,0,300,xgboost (default),0.8158,0.8489693782992027,0.6187568477671402,0.5235590172067354,0.6418988648090815,0.520066889632107,0.5745958429561201,0.0747760910001034
adult,0,300,lightgbm (default),0.8106,0.844165862197511,0.629770465139467,0.43121499255528206,0.6231454005934718,0.5267558528428093,0.57091073855913,0.05105532400011725
adult,0,300,kumo-large,0.8438,0.8940898772283357,0.7428640101391937,0.3373208930073416,0.7209797657082002,0.5660535117056856,0.6341920374707259,5.287732811000069
adult,0,1000,xgboost (default),0.834,0.879256433115643,0.7110823701704628,0.4742760543981306,0.6688191881918819,0.6061872909698997,0.6359649122807017,0.18161697799996546
adult,0,1000,lightgbm (default),0.8336,0.8847885872642421,0.7315173771410141,0.40597815703979573,0.6713747645951036,0.5961538461538461,0.6315323294951284,0.3268429920001381
adult,0,1000,kumo-large,0.8586,0.9108448157018312,0.792846203741891,0.3065672013931566,0.7637540453074434,0.5919732441471572,0.6669806877060763,8.968789548999894
adult,0,3000,xgboost (default),0.8458,0.8929791163323941,0.758416184644885,0.38644639313594514,0.7081292850146915,0.6045150501672241,0.652232746955345,0.16236289499988743
adult,0,3000,lightgbm (default),0.8476,0.9004455132601135,0.7724401184077739,0.340023619021425,0.716566866267465,0.6003344481605352,0.6533212010919017,0.14586857699987377
adult,0,3000,kumo-large,0.8652,0.9204948188669557,0.8151226846080757,0.2898526165518803,0.7868131868131868,0.5986622073578596,0.6799620132953467,21.57790403099989
adult,0,10000,xgboost (default),0.8588,0.9098253818371087,0.7920947612161312,0.32308441966460716,0.7383268482490273,0.6346153846153846,0.6825539568345323,0.29667567299998154
adult,0,10000,lightgbm (default),0.866,0.9155073299009315,0.8053818730798513,0.3004292921858344,0.7624750499001997,0.6387959866220736,0.6951774340309372,0.19035547599992242
adult,0,10000,kumo-large,0.8706,0.9239909626902152,0.8247315780564339,0.28295126603009924,0.7910922587486744,0.6237458193979933,0.6975222066386162,81.44978000600008
adult,1,100,xgboost (default),0.8052,0.8239900615089204,0.5905873836550313,0.5325700208173018,0.6059160305343512,0.5309364548494984,0.5659536541889483,0.046648934999893754
adult,1,100,lightgbm (default),0.7552,0.7456834514979831,0.4338588682687895,0.5094320617478383,0.4868913857677903,0.43478260869565216,0.45936395759717313,0.027175489999990532
adult,1,100,kumo-large,0.8274,0.865861582069921,0.6836890393813451,0.3779986382979404,0.64773735581189,0.6103678929765887,0.6284976323719328,4.178922582000041
adult,1,300,xgboost (default),0.8316,0.86603104811341,0.680362667825671,0.4837342164969204,0.697986577181208,0.5217391304347826,0.5971291866028708,0.09006747600005838
adult,1,300,lightgbm (default),0.8214,0.8419840143626318,0.6492246425771504,0.46588417897170403,0.6692737430167598,0.5008361204013378,0.5729316116690578,0.05156880899994576
adult,1,300,kumo-large,0.8458,0.8995616961902451,0.7355282323639368,0.3314149652834579,0.7401129943502824,0.5476588628762542,0.6295050456511293,5.158485565000092
adult,1,1000,xgboost (default),0.8312,0.8805577608853908,0.7219283252477294,0.45441141527020706,0.6788617886178862,0.5585284280936454,0.6128440366972477,0.17027739500008465
adult,1,1000,lightgbm (default),0.8398,0.8844244880411044,0.7332052127631808,0.40833422640221956,0.7068062827225131,0.56438127090301,0.6276150627615062,1.1142260080000597
adult,1,1000,kumo-large,0.8618,0.9154979883875098,0.7983562342362506,0.3003429719735683,0.7925840092699884,0.5719063545150501,0.6644001942690626,8.914203568999937
adult,1,3000,xgboost (default),0.844,0.8988364650482329,0.7621035785622308,0.3662000436324938,0.703125,0.6020066889632107,0.6486486486486487,0.1564940089999709
adult,1,3000,lightgbm (default),0.8494,0.9046339181780136,0.7744275256278323,0.3303911623460818,0.7235116044399597,0.5994983277591973,0.6556927297668038,0.11748835800017332
adult,1,3000,kumo-large,0.8696,0.9234821249591171,0.8159576317630233,0.28563690015854737,0.7804123711340206,0.632943143812709,0.6989843028624192,21.571536870999807
adult,1,10000,xgboost (default),0.8536,0.9117103893454874,0.7911918520629799,0.3175246275425549,0.7222222222222222,0.6304347826086957,0.6732142857142858,0.2826005540000551
adult,1,10000,lightgbm (default),0.8626,0.9194939581289191,0.805541378002314,0.2944978545305947,0.7507389162561576,0.637123745819398,0.689280868385346,0.1790820009998697
adult,1,10000,kumo-large,0.87,0.9287546949347456,0.825422126046372,0.2753357592203045,0.7780040733197556,0.6387959866220736,0.7015610651974288,81.48567907999995
adult,2,100,xgboost (default),0.799,0.7882980070265765,0.5413964780122019,0.6006945650010758,0.6132858837485172,0.4322742474916388,0.5071113290828838,0.0755546539999159
adult,2,100,lightgbm (default),0.7296,0.7139219761630954,0.41128967574400804,0.610213772407473,0.4319371727748691,0.41387959866220736,0.4227156276686593,0.09800844699998379
adult,2,100,kumo-large,0.8088,0.8438080272833737,0.6420814745693755,0.4028545925115713,0.6321585903083701,0.479933110367893,0.5456273764258555,4.180054690000134
adult,2,300,xgboost (default),0.817,0.8486506678412795,0.6581526340476155,0.5425029252937604,0.6505894962486602,0.5075250836120402,0.57022076092062,0.0725666309999724
adult,2,300,lightgbm (default),0.8114,0.8285991642312791,0.6326644596031723,0.48428760979324087,0.6382513661202186,0.4882943143812709,0.5532922785409758,0.05549143100006404
adult,2,300,kumo-large,0.84,0.8845581266331164,0.7298757200742566,0.3485146134643981,0.7362768496420048,0.5158862876254181,0.6066863323500492,5.112733400000025
adult,2,1000,xgboost (default),0.8346,0.8707011454234057,0.7105391418672772,0.5063465507675381,0.6713091922005571,0.6045150501672241,0.6361636603607567,0.117297729000029
adult,2,1000,lightgbm (default),0.8348,0.877042494434656,0.7241852876957197,0.43727079221647164,0.6735459662288931,0.6003344481605352,0.6348364279398763,0.09952799200004847
adult,2,1000,kumo-large,0.8616,0.9102603666620948,0.8004557298622121,0.3062776786267206,0.7504970178926441,0.6312709030100334,0.6857402361489555,8.954977612999983
adult,2,3000,xgboost (default),0.8464,0.8869535104748039,0.7543284857193117,0.40479350473048387,0.708171206225681,0.6086956521739131,0.6546762589928058,0.1658142510000289
adult,2,3000,lightgbm (default),0.852,0.8969048598729026,0.7706912836734706,0.3484384225490897,0.7248520710059172,0.6145484949832776,0.665158371040724,0.1120854620000955
adult,2,3000,kumo-large,0.8704,0.9218240612768113,0.8204985850894541,0.2874664851789229,0.7836438923395446,0.632943143812709,0.700277520814061,21.684733929000004
adult,2,10000,xgboost (default),0.8628,0.9120304186053054,0.8018455086717455,0.3205963225673247,0.75049115913556,0.6387959866220736,0.6901535682023487,0.2754121070001929
adult,2,10000,lightgbm (default),0.868,0.9144247034454139,0.8076289951432295,0.30292506943954783,0.7669322709163346,0.6438127090301003,0.7,0.1909922979998555
adult,2,10000,kumo-large,0.875,0.9278635145542977,0.8338119995068005,0.27640534580258946,0.7970863683662851,0.6404682274247492,0.7102457116365323,81.23587738099991
bank (no duration),0,100,xgboost (default),0.8532,0.5255208061097076,0.1376241163065423,0.568235922681438,0.18565400843881857,0.07521367521367521,0.1070559610705596,0.057672787000001335
bank (no duration),0,100,lightgbm (default),0.8666,0.537461451345936,0.14106820745548498,0.4752252454384547,0.2191780821917808,0.0547008547008547,0.08755129958960328,0.7811162490002062
bank (no duration),0,100,kumo-large,0.8556,0.6505560879286814,0.20067759867086407,0.370596029919177,0.2596491228070175,0.1264957264957265,0.17011494252873563,3.88963820999993
bank (no duration),0,300,xgboost (default),0.8646,0.603014587023647,0.1854349422988533,0.5256864832696183,0.2604166666666667,0.08547008547008547,0.1287001287001287,0.05720711999993
bank (no duration),0,300,lightgbm (default),0.8698,0.6180416412579494,0.20755143901593243,0.48716606121798006,0.35526315789473684,0.13846153846153847,0.1992619926199262,0.04676719500002946
bank (no duration),0,300,kumo-large,0.8818,0.6708321475931895,0.24637568897930073,0.34051030892714845,0.46511627906976744,0.06837606837606838,0.11922503725782414,4.678752722999889
bank (no duration),0,1000,xgboost (default),0.868,0.6453068889082479,0.2534204938254154,0.48117265169323875,0.36363636363636365,0.17094017094017094,0.23255813953488372,0.09325308300003599
bank (no duration),0,1000,lightgbm (default),0.8766,0.6592815866655052,0.253583625977904,0.44309071494114616,0.42660550458715596,0.15897435897435896,0.23163138231631383,0.09522324900012791
bank (no duration),0,1000,kumo-large,0.8836,0.7037031874630968,0.3069508640414029,0.3259821782609718,0.5102040816326531,0.1282051282051282,0.20491803278688525,8.350719316000095
bank (no duration),0,3000,xgboost (default),0.8736,0.6590688310054108,0.25860868231792306,0.41184369355907585,0.4048582995951417,0.17094017094017094,0.2403846153846154,0.11044360699997924
bank (no duration),0,3000,lightgbm (default),0.882,0.6777102147883575,0.27797386327671586,0.36265387227335344,0.48792270531400966,0.17264957264957265,0.255050505050505,0.1030519240000558
bank (no duration),0,3000,kumo-large,0.8824,0.7164600090987406,0.32084803436185727,0.3203487706823571,0.4918032786885246,0.15384615384615385,0.234375,20.586158740999963
bank (no duration),0,10000,xgboost (default),0.8816,0.6865956190531501,0.2861589556756034,0.35603515731638674,0.48223350253807107,0.1623931623931624,0.24296675191815856,0.20809771800009003
bank (no duration),0,10000,lightgbm (default),0.8818,0.7062638054031032,0.30985831236546585,0.3325546240117084,0.48333333333333334,0.14871794871794872,0.22745098039215686,0.14901801199994225
bank (no duration),0,10000,kumo-large,0.883,0.722700196494081,0.32606156997998303,0.31814658172160015,0.5,0.1452991452991453,0.2251655629139073,78.19598685900019
bank (no duration),1,100,xgboost (default),0.8434,0.5904536786982993,0.1567643579203465,0.5394160898251347,0.18670886075949367,0.10085470085470086,0.1309655937846837,0.035999419000063426
bank (no duration),1,100,lightgbm (default),0.8652,0.5937737511010444,0.1547149322582985,0.4419885371404316,0.17518248175182483,0.041025641025641026,0.0664819944598338,0.025140182000086497
bank (no duration),1,100,kumo-large,0.883,0.630939202989033,0.21678313749845368,0.3519348012770291,0.0,0.0,0.0,3.75602316100003
bank (no duration),1,300,xgboost (default),0.8518,0.5850890999022369,0.16310980201841405,0.547371241308506,0.21739130434782608,0.10256410256410256,0.13937282229965156,0.05540637900003276
bank (no duration),1,300,lightgbm (default),0.859,0.5836185885336509,0.16002902260542967,0.4841081595307688,0.21962616822429906,0.08034188034188035,0.11764705882352941,0.05354267000006985
bank (no duration),1,300,kumo-large,0.883,0.6570160002323082,0.22144808285533144,0.3450304865773926,0.0,0.0,0.0,4.93418440299979
bank (no duration),1,1000,xgboost (default),0.864,0.6491347484778969,0.22682305233285902,0.5048078538455038,0.3309608540925267,0.15897435897435896,0.21478060046189376,0.07735643000000891
bank (no duration),1,1000,lightgbm (default),0.8668,0.6519714260824113,0.2384575477887949,0.46414012642324387,0.3424124513618677,0.15042735042735042,0.20902612826603326,0.09051565200002187
bank (no duration),1,1000,kumo-large,0.8866,0.7264310673597197,0.3236982789800619,0.3195247962788656,0.576271186440678,0.11623931623931624,0.1934566145092461,8.299926916999993
bank (no duration),1,3000,xgboost (default),0.8698,0.6776898878144632,0.26544925862884994,0.41060498757994845,0.375,0.16923076923076924,0.2332155477031802,0.12235485200017138
bank (no duration),1,3000,lightgbm (default),0.8812,0.6946449071250883,0.29053255962241875,0.35318263512012066,0.47692307692307695,0.15897435897435896,0.23846153846153847,0.09975144000009095
bank (no duration),1,3000,kumo-large,0.8892,0.738335317633166,0.3615246404749897,0.3135145681583553,0.6565656565656566,0.1111111111111111,0.19005847953216373,20.52104809599996
bank (no duration),1,10000,xgboost (default),0.8776,0.7014298574207974,0.2915874036257631,0.3504839862094716,0.43147208121827413,0.1452991452991453,0.21739130434782608,0.1743387139999868
bank (no duration),1,10000,lightgbm (default),0.884,0.7262171501582599,0.3243278887715895,0.32170869543971814,0.5163398692810458,0.13504273504273503,0.2140921409214092,0.16035428299983323
bank (no duration),1,10000,kumo-large,0.8886,0.7465280560637299,0.3690263857130423,0.30915077469663765,0.64,0.1094017094017094,0.18686131386861313,77.39464643399992
bank (no duration),2,100,xgboost (default),0.8444,0.6484478903504951,0.19924813295846402,0.5362159663552524,0.24128686327077747,0.15384615384615385,0.18789144050104384,0.03321908299994902
bank (no duration),2,100,lightgbm (default),0.8688,0.6191232298593567,0.18128199109954643,0.4690454672007923,0.2795031055900621,0.07692307692307693,0.12064343163538874,0.026414012000032017
bank (no duration),2,100,kumo-large,0.868,0.6618865367676239,0.22211897035716408,0.37451916519926376,0.3271889400921659,0.12136752136752137,0.1770573566084788,4.195312389000037
bank (no duration),2,300,xgboost (default),0.8442,0.665907599384383,0.19720434084689453,0.5348019957204923,0.239247311827957,0.15213675213675212,0.18599791013584116,0.08842753099997935
bank (no duration),2,300,lightgbm (default),0.8456,0.6542128137371626,0.19200229334862623,0.5326580799882208,0.24242424242424243,0.15042735042735042,0.18565400843881857,0.09000813299985566
bank (no duration),2,300,kumo-large,0.875,0.6971338966808955,0.25213709449529503,0.3451051317586131,0.38372093023255816,0.11282051282051282,0.17437252311756934,4.792035296999984
bank (no duration),2,1000,xgboost (default),0.8644,0.6632043054466611,0.22496439448717057,0.47772793376961564,0.3412969283276451,0.17094017094017094,0.22779043280182232,0.08355863799988583
bank (no duration),2,1000,lightgbm (default),0.8652,0.6738810000871156,0.228391477303748,0.44045109952231,0.3090128755364807,0.12307692307692308,0.17603911980440098,0.0903424210000594
bank (no duration),2,1000,kumo-large,0.8812,0.7308162731945291,0.2985590269288543,0.32171949476229567,0.4470588235294118,0.06495726495726496,0.11343283582089553,8.388893584000016
bank (no duration),2,3000,xgboost (default),0.8714,0.683266641499937,0.2739319094751418,0.39725714037288073,0.3893129770992366,0.17435897435897435,0.2408500590318772,0.10658180600012201
bank (no duration),2,3000,lightgbm (default),0.8814,0.6977529982286494,0.28932715177618584,0.35276688697936226,0.478494623655914,0.15213675213675212,0.23086900129701687,0.09879047200001878
bank (no duration),2,3000,kumo-large,0.8838,0.7439674381237236,0.3254991861435121,0.315762579762699,0.53125,0.05811965811965812,0.10477657935285054,20.63234768999996
bank (no duration),2,10000,xgboost (default),0.8772,0.6896322753627397,0.2909257081114961,0.3539190947990473,0.42857142857142855,0.14871794871794872,0.22081218274111675,0.18782142400004886
bank (no duration),2,10000,lightgbm (default),0.883,0.7233471750346042,0.3136677306391399,0.325654902499745,0.5,0.14017094017094017,0.21895861148197596,0.16720504499994604
bank (no duration),2,10000,kumo-large,0.8852,0.7515706943113512,0.34851123322535293,0.3109809095186705,0.5514018691588785,0.10085470085470086,0.17052023121387283,77.71745514600002
