variant,model,accuracy,roc_auc,pr_auc,log_loss,precision,recall,f1,seconds
2020 features,LogisticReg (2020),0.8935087913303107,0.860291570264953,0.46643378459240314,0.2712689042077307,0.6269430051813472,0.22808671065032987,0.3344851416724257,10.323190899999872
2020 features,LogisticRegSMOTE (2020),0.8013933429171735,0.8639191951920095,0.4683448616441808,0.48417963921625573,0.3440814594823929,0.764373232799246,0.4745465184318315,10.323190899999872
2020 features,RandomForest (2020),0.8591175494857901,0.8854500855010483,0.49175933996931953,0.31438976969645416,0.43804537521815007,0.7097078228086711,0.541726618705036,10.323190899999872
2020 features,XGBoost (2020),0.818201924140219,0.8952980563478004,0.5422371140843618,0.384809093179979,0.3735357917570499,0.8114985862393967,0.5115864527629234,10.323190899999872
2020 features,xgboost (default),0.8959416122968041,0.8884875512787843,0.5077181947547671,0.24702999869129866,0.5869565217391305,0.3817153628652215,0.46259280411193604,0.6765420690001065
2020 features,lightgbm (default),0.9005860886873825,0.8970761498952284,0.5397613902763161,0.23436723098802398,0.6194690265486725,0.39585296889726673,0.48303622771707877,1.2688055539999823
2020 features,kumo-small,0.9024659957978547,0.8996963242696633,0.5635166541758696,0.23084574652229464,0.6427432216905901,0.37983034872761545,0.4774881516587678,16.74077007400001
2020 features,kumo-large,0.9031294924250802,0.9011053026708775,0.5664932819302426,0.22964747149056247,0.6390977443609023,0.4005655042412818,0.492468134414832,137.38965175299995
2020 features,tabiclv2,0.9027977441114674,0.8979994100770088,0.5508517071406183,0.23310286828234608,0.6463022508038585,0.37888784165881245,0.47771836007130125,17.532035892000067
no duration,LogisticReg (2020),0.8825610969810903,0.6904220287352482,0.2679876954388717,0.33484290937851324,0.4838709677419355,0.01413760603204524,0.027472527472527472,9.733204260999855
no duration,LogisticRegSMOTE (2020),0.6382837553909101,0.6908963523252483,0.26908045127493474,0.6251215349870005,0.18855693348365277,0.6305372290292177,0.2903015838576698,9.733204260999855
no duration,RandomForest (2020),0.8358951675328984,0.7145994250494337,0.3104199615193804,0.44464427011210034,0.3410969196093163,0.4278982092365693,0.3795986622073579,9.733204260999855
no duration,XGBoost (2020),0.7685502598695123,0.7333584684295555,0.34905906470111125,0.5569089473303439,0.2667269439421338,0.5560791705937794,0.36052551176290865,9.733204260999855
no duration,xgboost (default),0.8848833351763795,0.7224579998682238,0.3307950028547661,0.32405777076776054,0.5306748466257669,0.16305372290292178,0.2494592645998558,0.37745858599987514
no duration,lightgbm (default),0.8865420767444432,0.7396300016224063,0.3505606091947431,0.3130446501852143,0.5764192139737991,0.12441093308199812,0.20465116279069767,0.3216963400000168
no duration,kumo-small,0.8870949906004645,0.7369566916703015,0.3555030570684716,0.31250375254746426,0.601010101010101,0.11215834118755891,0.18903891977760126,16.085744944999988
no duration,kumo-large,0.8883114010837112,0.7389997546317102,0.3733526415645993,0.310775468059134,0.6186046511627907,0.12535344015080113,0.2084639498432602,136.25145590099987
no duration,tabiclv2,0.8853256662611965,0.7366855821451234,0.3441350368248391,0.31411815461744913,0.58,0.08199811498586239,0.14368290668868702,17.376111089000005
