dataset,model,roc_auc,roc_auc_sd,accuracy,log_loss,seconds
adult,kumo-large,0.9304,0.005,0.8737,0.2723,80.7288
adult,kumo-small,0.9291,0.0047,0.8726,0.2754,10.7739
adult,lightgbm (default),0.9217,0.0045,0.8665,0.2898,0.3697
adult,tabiclv2,0.9229,0.0047,0.8665,0.2883,11.0267
adult,xgboost (default),0.9144,0.0047,0.8614,0.3137,0.4903
credit-g,kumo-large,0.8092,0.0201,0.768,0.473,1.2668
credit-g,kumo-small,0.8054,0.02,0.7632,0.4763,5.0279
credit-g,lightgbm (default),0.7702,0.0228,0.752,0.583,0.1029
credit-g,tabiclv2,0.8019,0.0177,0.76,0.4821,0.4184
credit-g,xgboost (default),0.7671,0.0186,0.7592,0.6959,0.1042
diabetes,kumo-large,0.8434,0.0305,0.7615,0.4612,0.9949
diabetes,kumo-small,0.8386,0.0294,0.7562,0.468,0.4524
diabetes,lightgbm (default),0.8029,0.0351,0.7438,0.6599,0.1394
diabetes,tabiclv2,0.8384,0.0305,0.7531,0.4724,0.3303
diabetes,xgboost (default),0.7944,0.0311,0.7333,0.747,0.0654
kc1,kumo-large,0.8721,0.0109,0.8769,0.2926,2.2192
kc1,kumo-small,0.8661,0.0111,0.872,0.3007,0.4812
kc1,lightgbm (default),0.7931,0.0123,0.8523,0.4021,0.1083
kc1,tabiclv2,0.8672,0.0136,0.8689,0.2997,0.5233
kc1,xgboost (default),0.8088,0.0096,0.8508,0.4013,0.1359
phoneme,kumo-large,0.9788,0.0055,0.9285,0.1688,7.268
phoneme,kumo-small,0.9761,0.0059,0.9264,0.1781,0.8686
phoneme,lightgbm (default),0.9511,0.0081,0.8925,0.2565,0.2187
phoneme,tabiclv2,0.9737,0.0052,0.9211,0.1887,0.964
phoneme,xgboost (default),0.9523,0.0097,0.8947,0.2603,0.1254
