model,P(level >= 4) bin,posts,mean P,actual high-risk rate
Laya (zero-shot),0.05–0.10,3,0.07606616713266168,0.0
Laya (zero-shot),0.10–0.30,219,0.2117958885027646,0.1872146118721461
Laya (zero-shot),0.30–0.50,12,0.35282431058897923,0.75
d1-omni-600M (zero-shot),0.00–0.02,36,0.008366073877165502,0.027777777777777776
d1-omni-600M (zero-shot),0.02–0.05,39,0.03241612824078653,0.0
d1-omni-600M (zero-shot),0.05–0.10,36,0.06787455818192348,0.05555555555555555
d1-omni-600M (zero-shot),0.10–0.30,39,0.18381857312513697,0.10256410256410256
d1-omni-600M (zero-shot),0.30–0.50,24,0.39635675696014777,0.2916666666666667
d1-omni-600M (zero-shot),0.50–0.70,9,0.5961358133899758,0.5555555555555556
d1-omni-600M (zero-shot),0.70–0.90,17,0.8115309348075643,0.29411764705882354
d1-omni-600M (zero-shot),0.90–1.00,34,0.9695910025225765,0.7647058823529411
d1-3B (zero-shot),0.00–0.02,8,0.013765481845867051,0.0
d1-3B (zero-shot),0.02–0.05,25,0.0341579314222339,0.16
d1-3B (zero-shot),0.05–0.10,47,0.07333132063287245,0.0
d1-3B (zero-shot),0.10–0.30,77,0.18206642340000515,0.09090909090909091
d1-3B (zero-shot),0.30–0.50,30,0.3938363038433044,0.13333333333333333
d1-3B (zero-shot),0.50–0.70,24,0.6018091815260709,0.625
d1-3B (zero-shot),0.70–0.90,21,0.8053239114042343,0.8571428571428571
d1-3B (zero-shot),0.90–1.00,2,0.92245867151088,1.0
Qwen3.5-0.8B + Unsloth,0.00–0.02,58,0.011401981968673812,0.0
Qwen3.5-0.8B + Unsloth,0.02–0.05,55,0.03354529746358025,0.01818181818181818
Qwen3.5-0.8B + Unsloth,0.05–0.10,33,0.07567542666173417,0.09090909090909091
Qwen3.5-0.8B + Unsloth,0.10–0.30,20,0.17096829527733295,0.05
Qwen3.5-0.8B + Unsloth,0.30–0.50,17,0.37304432865285503,0.29411764705882354
Qwen3.5-0.8B + Unsloth,0.50–0.70,7,0.6049435647594358,0.2857142857142857
Qwen3.5-0.8B + Unsloth,0.70–0.90,12,0.8211094547136778,0.6666666666666666
Qwen3.5-0.8B + Unsloth,0.90–1.00,32,0.9490956319247565,0.9375
Laya + Unsloth,0.00–0.02,47,0.012900010727487874,0.0
Laya + Unsloth,0.02–0.05,73,0.03418462379235392,0.0273972602739726
Laya + Unsloth,0.05–0.10,32,0.06819911098061612,0.0625
Laya + Unsloth,0.10–0.30,33,0.20562092078672317,0.3333333333333333
Laya + Unsloth,0.30–0.50,11,0.4146192605724654,0.36363636363636365
Laya + Unsloth,0.50–0.70,17,0.5948439290829098,0.7647058823529411
Laya + Unsloth,0.70–0.90,18,0.801745601115956,0.8888888888888888
Laya + Unsloth,0.90–1.00,3,0.9319646128779796,0.6666666666666666
